{
  "cities": [
    {
      "id": "Seattle",
      "name": "Seattle"
    },
    {
      "id": "Chicago",
      "name": "Chicago"
    },
    {
      "id": "New York",
      "name": "New York"
    },
    {
      "id": "California",
      "name": "California"
    },
    {
      "id": "Burlingame",
      "name": "Burlingame"
    }
  ],
  "hotels": [
    {
      "id": "1",
      "type": "hotel",
      "name": "safdfasd",
      "created": 1464777092568,
      "modified": 1464777618676,
      "address1": "1415 5th Ave",
      "airportCode": "SEA",
      "amenityMask": 7798786,
      "city": "Seattle",
      "confidenceRating": 52,
      "countryCode": "US",
      "deepLink": "http://www.travelnow.com/templates/55505/hotels/125727/overview?lang=en&amp;currency=USD&amp;standardCheckin=null/null/null&amp;standardCheckout=null/null/null",
      "highRate": 289,
      "hotelId": 1257278,
      "hotelInDestination": true,
      "hotelRating": 4,
      "location": {
        "latitude": 47.60985,
        "longitude": -122.33475
      },
      "locationDescription": "Near Pike Place Market",
      "lowRate": 259,
      "metadata": {
        "path": "/hotels/1"
      },
      "postalCode": 98101,
      "propertyCategory": 1,
      "proximityDistance": 11.168453,
      "proximityUnit": "MI",
      "rateCurrencyCode": "USD",
      "shortDescription": "1111111",
      "stateProvinceCode": "WA",
      "thumbNailUrl": "/thumbnails/50947_264_t.jpg",
      "tripAdvisorRating": 3.5,
      "tripAdvisorRatingUrl": "http://www.tripadvisor.com/img/cdsi/img2/ratings/traveler/3.5-12345-4.gif",
      "description": "1111111",
      "rating": 4,
      "address": "1415 5th Ave"
    },
    {
      "id": "2",
      "type": "hotel",
      "name": "The Westin Seattle",
      "created": 1464777092593,
      "modified": 1464871217352,
      "address1": "1900 5th Ave",
      "airportCode": "SEA",
      "amenityMask": 7806977,
      "city": "Seattle",
      "confidenceRating": 5,
      "countryCode": "US",
      "deepLink": "http://www.travelnow.com/templates/55505/hotels/164122/overview?lang=en&amp;currency=USD&amp;standardCheckin=null/null/null&amp;standardCheckout=null/null/null",
      "highRate": 259,
      "hotelId": 164122,
      "hotelInDestination": true,
      "hotelRating": 4,
      "location": {
        "latitude": 47.61309,
        "longitude": -122.33788
      },
      "locationDescription": "Near Pike Place Market",
      "lowRate": 209,
      "metadata": {
        "path": "/hotels/2"
      },
      "postalCode": 98101,
      "propertyCategory": 1,
      "proximityDistance": 11.335604,
      "proximityUnit": "MI",
      "rateCurrencyCode": "USD",
      "shortDescription": "With a stay at The Westin Seattle, you'll be centrally laocated in Seattle, steps from Westlake Center and minutes from Pacific Place. This 4-star hotel is close to",
      "stateProvinceCode": "WA",
      "thumbNailUrl": "/thumbnails/16673_260_t.jpg",
      "tripAdvisorRating": 4,
      "tripAdvisorRatingUrl": "http://www.tripadvisor.com/img/cdsi/img2/ratings/traveler/4.0-12345-4.gif"
    },
    {
      "id": "3",
      "type": "hotel",
      "name": "Sheraton Seattle Hotel",
      "created": 1464777092619,
      "modified": 1464777092619,
      "address1": "1400 6th Ave",
      "airportCode": "SEA",
      "amenityMask": 262147,
      "city": "Seattle",
      "confidenceRating": 30,
      "countryCode": "US",
      "deepLink": "http://www.travelnow.com/templates/55505/hotels/164116/overview?lang=en&amp;currency=USD&amp;standardCheckin=null/null/null&amp;standardCheckout=null/null/null",
      "highRate": 320,
      "hotelId": 164116,
      "hotelInDestination": true,
      "hotelRating": 4,
      "location": {
        "latitude": 47.61017,
        "longitude": -122.33357
      },
      "locationDescription": "Near Pike Place Market",
      "lowRate": 205,
      "metadata": {
        "path": "/hotels/3"
      },
      "postalCode": 98101,
      "propertyCategory": 1,
      "proximityDistance": 11.115907,
      "proximityUnit": "MI",
      "rateCurrencyCode": "USD",
      "shortDescription": "With a stay at Sheraton Seattle Hotel, you'll be centrally located in Seattle, steps from 5th Avenue Theater and Washington State Convention Center. This 4-star",
      "stateProvinceCode": "WA",
      "thumbNailUrl": "/thumbnails/25290_88_t.jpg",
      "tripAdvisorRating": 4,
      "tripAdvisorRatingUrl": "http://www.tripadvisor.com/img/cdsi/img2/ratings/traveler/4.0-12345-4.gif"
    },
    {
      "id": "4",
      "type": "hotel",
      "name": "The Edgewater - A Noble House Hotel",
      "created": 1464777092643,
      "modified": 1464777092643,
      "address1": "Pier 67, 2411 Alaskan Way",
      "airportCode": "SEA",
      "amenityMask": 5701635,
      "city": "Burlingame",
      "confidenceRating": 95,
      "countryCode": "US",
      "deepLink": "http://www.travelnow.com/templates/55505/hotels/127092/overview?lang=en&amp;currency=USD&amp;standardCheckin=null/null/null&amp;standardCheckout=null/null/null",
      "highRate": 269,
      "hotelId": 127092,
      "hotelInDestination": true,
      "hotelRating": 4,
      "location": {
        "latitude": 47.61252,
        "longitude": -122.35013
      },
      "locationDescription": "Near Pike Place Market",
      "lowRate": 179,
      "metadata": {
        "path": "/hotels/4"
      },
      "postalCode": 98121,
      "propertyCategory": 1,
      "proximityDistance": 11.898841,
      "proximityUnit": "MI",
      "rateCurrencyCode": "USD",
      "shortDescription": "With a stay at The Edgewater - A Noble House Hotel, you'll be centrally located in Seattle, steps from Bell Street Cruise Terminal at Pier 66 and minutes from",
      "stateProvinceCode": "WA",
      "thumbNailUrl": "/thumbnails/11133_169_t.jpg",
      "tripAdvisorRating": 4,
      "tripAdvisorRatingUrl": "http://www.tripadvisor.com/img/cdsi/img2/ratings/traveler/4.0-12345-4.gif"
    },
    {
      "id": "5",
      "type": "hotel",
      "name": "Hotel Max, a Provenance Hotel",
      "created": 1464777092667,
      "modified": 1464777092667,
      "address1": "620 Stewart St",
      "airportCode": "SEA",
      "amenityMask": 3,
      "city": "Burlingame",
      "confidenceRating": 52,
      "countryCode": "US",
      "deepLink": "http://www.travelnow.com/templates/55505/hotels/113426/overview?lang=en&amp;currency=USD&amp;standardCheckin=null/null/null&amp;standardCheckout=null/null/null",
      "highRate": 188.202,
      "hotelId": 113426,
      "hotelInDestination": true,
      "hotelRating": 3.5,
      "location": {
        "latitude": 47.61381,
        "longitude": -122.33686
      },
      "locationDescription": "Near Pike Place Market",
      "lowRate": 187.202,
      "metadata": {
        "path": "/hotels/5"
      },
      "postalCode": 98101,
      "propertyCategory": 1,
      "proximityDistance": 11.293709,
      "proximityUnit": "MI",
      "rateCurrencyCode": "USD",
      "shortDescription": "With a stay at Hotel Max, a Provenance Hotel in Seattle (Belltown), you&apos;ll be minutes from Westlake Center and Washington State Convention Center. This hotel is",
      "stateProvinceCode": "WA",
      "thumbNailUrl": "/thumbnails/28647_30_t.jpg",
      "tripAdvisorRating": 4,
      "tripAdvisorRatingUrl": "http://www.tripadvisor.com/img/cdsi/img2/ratings/traveler/4.0-12345-4.gif"
    },
    {
      "id": "6",
      "type": "hotel",
      "name": "Hotel Monaco Seattle, a Kimpton Hotel",
      "created": 1464777092694,
      "modified": 1464777092694,
      "address1": "1101 4th Ave",
      "airportCode": "SEA",
      "amenityMask": 1310720,
      "city": "Seattle",
      "confidenceRating": 52,
      "countryCode": "US",
      "deepLink": "http://www.travelnow.com/templates/55505/hotels/132138/overview?lang=en&amp;currency=USD&amp;standardCheckin=null/null/null&amp;standardCheckout=null/null/null",
      "highRate": 489,
      "hotelId": 132138,
      "hotelInDestination": true,
      "hotelRating": 4,
      "location": {
        "latitude": 47.60682,
        "longitude": -122.33358
      },
      "locationDescription": "Near Pike Place Market",
      "lowRate": 189,
      "metadata": {
        "path": "/hotels/6"
      },
      "postalCode": 98101,
      "propertyCategory": 1,
      "proximityDistance": 11.097676,
      "proximityUnit": "MI",
      "rateCurrencyCode": "USD",
      "shortDescription": "With a stay at Hotel Monaco Seattle, a Kimpton Hotel, you&apos;ll be centrally located in Seattle, steps from Seattle Public Library and Safeco Headquarters. This 4-star",
      "stateProvinceCode": "WA",
      "thumbNailUrl": "/thumbnails/62800_122_t.jpg",
      "tripAdvisorRating": 4.5,
      "tripAdvisorRatingUrl": "http://www.tripadvisor.com/img/cdsi/img2/ratings/traveler/4.5-12345-4.gif"
    },
    {
      "id": "7",
      "type": "hotel",
      "name": "Hotel Deca - A Noble House Hotel",
      "created": 1464777092721,
      "modified": 1464777092721,
      "address1": "4507 Brooklyn Avenue NE",
      "airportCode": "SEA",
      "amenityMask": 3,
      "city": "Burlingame",
      "confidenceRating": 95,
      "countryCode": "US",
      "deepLink": "http://www.travelnow.com/templates/55505/hotels/191964/overview?lang=en&amp;currency=USD&amp;standardCheckin=null/null/null&amp;standardCheckout=null/null/null",
      "highRate": 159,
      "hotelId": 191964,
      "hotelInDestination": true,
      "hotelRating": 3.5,
      "location": {
        "latitude": 47.66143,
        "longitude": -122.31429
      },
      "locationDescription": "In Seattle (University District)",
      "lowRate": 119,
      "metadata": {
        "path": "/hotels/7"
      },
      "postalCode": 98105,
      "propertyCategory": 1,
      "proximityDistance": 11.145046,
      "proximityUnit": "MI",
      "rateCurrencyCode": "USD",
      "shortDescription": "With a stay at Hotel Deca - A Noble House Hotel in Seattle (University District), you&apos;ll be minutes from Burke Museum of Natural History and Culture and close to",
      "stateProvinceCode": "WA",
      "thumbNailUrl": "/thumbnails/19023_103_t.jpg",
      "tripAdvisorRating": 4,
      "tripAdvisorRatingUrl": "http://www.tripadvisor.com/img/cdsi/img2/ratings/traveler/4.0-12345-4.gif"
    },
    {
      "id": "8",
      "type": "hotel",
      "name": "W Seattle",
      "created": 1464777092747,
      "modified": 1464777092747,
      "address1": "1112 4th Ave",
      "airportCode": "SEA",
      "amenityMask": 7798785,
      "city": "Seattle",
      "confidenceRating": 5,
      "countryCode": "US",
      "deepLink": "http://www.travelnow.com/templates/55505/hotels/213497/overview?lang=en&amp;currency=USD&amp;standardCheckin=null/null/null&amp;standardCheckout=null/null/null",
      "highRate": 210,
      "hotelId": 213497,
      "hotelInDestination": true,
      "hotelRating": 4,
      "location": {
        "latitude": 47.60688,
        "longitude": -122.33361
      },
      "locationDescription": "Near Pike Place Market",
      "lowRate": 175,
      "metadata": {
        "path": "/hotels/8"
      },
      "postalCode": 98101,
      "propertyCategory": 1,
      "proximityDistance": 11.09939,
      "proximityUnit": "MI",
      "rateCurrencyCode": "USD",
      "shortDescription": "With a stay at W Seattle, you&apos;ll be centrally located in Seattle, steps from Seattle Public Library and Safeco Headquarters. This 4-star hotel is close to Pike Place",
      "stateProvinceCode": "WA",
      "thumbNailUrl": "/thumbnails/284304_50_t.jpg",
      "tripAdvisorRating": 4,
      "tripAdvisorRatingUrl": "http://www.tripadvisor.com/img/cdsi/img2/ratings/traveler/4.0-12345-4.gif"
    },
    {
      "id": "9",
      "type": "hotel",
      "name": "Hotel Andra",
      "created": 1464777092776,
      "modified": 1464777092776,
      "address1": "2000 4th Ave",
      "airportCode": "SEA",
      "amenityMask": 1441795,
      "city": "Seattle",
      "confidenceRating": 45,
      "countryCode": "US",
      "deepLink": "http://www.travelnow.com/templates/55505/hotels/119562/overview?lang=en&amp;currency=USD&amp;standardCheckin=null/null/null&amp;standardCheckout=null/null/null",
      "highRate": 239.5368,
      "hotelId": 119562,
      "hotelInDestination": true,
      "hotelRating": 4,
      "location": {
        "latitude": 47.61318,
        "longitude": -122.34009
      },
      "locationDescription": "Near Pike Place Market",
      "lowRate": 189.4252,
      "metadata": {
        "path": "/hotels/9"
      },
      "postalCode": 98121,
      "propertyCategory": 1,
      "proximityDistance": 11.438348,
      "proximityUnit": "MI",
      "rateCurrencyCode": "USD",
      "shortDescription": "With a stay at Hotel Andra, you&apos;ll be centrally located in Seattle, minutes from Westlake Center and Pike Place Market. This 4-star hotel is within close proximity",
      "stateProvinceCode": "WA",
      "thumbNailUrl": "/thumbnails/16950_158_t.jpg",
      "tripAdvisorRating": 4.5,
      "tripAdvisorRatingUrl": "http://www.tripadvisor.com/img/cdsi/img2/ratings/traveler/4.5-12345-4.gif"
    },
    {
      "id": "10",
      "type": "hotel",
      "name": "The Maxwell Hotel - Pineapple Hospitality",
      "created": 1464777092809,
      "modified": 1464777092809,
      "address1": "300 Roy St",
      "airportCode": "SEA",
      "amenityMask": 7798786,
      "city": "Seattle",
      "confidenceRating": 95,
      "countryCode": "US",
      "deepLink": "http://www.travelnow.com/templates/55505/hotels/342070/overview?lang=en&amp;currency=USD&amp;standardCheckin=null/null/null&amp;standardCheckout=null/null/null",
      "highRate": 289,
      "hotelId": 342070,
      "hotelInDestination": true,
      "hotelRating": 3,
      "location": {
        "latitude": 47.62561,
        "longitude": -122.35129
      },
      "locationDescription": "Near Pacific Northwest Ballet",
      "lowRate": 229,
      "metadata": {
        "path": "/hotels/10"
      },
      "postalCode": 98109,
      "propertyCategory": 1,
      "proximityDistance": 12.074359,
      "proximityUnit": "MI",
      "rateCurrencyCode": "USD",
      "shortDescription": "With a stay at The Maxwell Hotel - Pineapple Hospitality, you&apos;ll be centrally located in Seattle, steps from Pacific Northwest Ballet and Teatro ZinZanni. This",
      "stateProvinceCode": "WA",
      "thumbNailUrl": "/thumbnails/3445681_43_t.jpg",
      "tripAdvisorRating": 4.5,
      "tripAdvisorRatingUrl": "http://www.tripadvisor.com/img/cdsi/img2/ratings/traveler/4.5-12345-4.gif"
    },
    {
      "id": "Iutj6RS",
      "name": "prueba",
      "description": "hotel nuevoooooo",
      "rating": 5,
      "address": "mi direcccciónnnn",
      "city": "New York",
      "shortDescription": "hotel nuevoooooo",
      "hotelRating": 5,
      "address1": "mi direcccciónnnn",
      "thumbNailUrl": "/thumbnails/new-hotel.jpg"
    },
    {
      "id": "fljboAJ",
      "name": "prueba axion hotel",
      "description": "sadf sasfas fas fasdf asf s",
      "rating": 3,
      "address": "asdsadas",
      "city": "Burlingame",
      "shortDescription": "sadf sasfas fas fasdf asf s",
      "hotelRating": 3,
      "address1": "asdsadas",
      "thumbNailUrl": "/thumbnails/new-hotel.jpg"
    }
  ]
}